{"IcoMoonType":"selection","icons":[{"icon":{"paths":["M512 83l-23 22-416 416 46 46 41-41v370h288v-320h128v320h288v-370l41 41 46-46-416-416zM512 174l288 288v370h-160v-320h-256v320h-160v-370z"],"attrs":[{}],"isMulticolor":false,"isMulticolor2":false,"grid":0,"tags":["icons8-главная"]},"attrs":[{}],"properties":{"order":2,"id":0,"name":"home","prevSize":32,"code":59648},"setIdx":0,"setId":2,"iconIdx":0}],"height":1024,"metadata":{"name":"homic"},"preferences":{"showGlyphs":true,"showQuickUse":true,"showQuickUse2":true,"showSVGs":true,"fontPref":{"prefix":"icon-","metadata":{"fontFamily":"homic","majorVersion":1,"minorVersion":0},"metrics":{"emSize":1024,"baseline":6.25,"whitespace":50},"embed":false,"autoHost":true,"showSelector":true,"selector":"i"},"imagePref":{"prefix":"icon-","png":true,"useClassSelector":true,"color":0,"bgColor":16777215,"classSelector":".icon"},"historySize":50,"showCodes":true,"gridSize":16,"quickUsageToken":{"UntitledProject":"NGUxNWU3YTUzOTcwYzkwMGQ1YjhhNjBlMTMyYTA3MzkjMSMxNjIwNjE5NjEyIyMj"}}}