{"IcoMoonType":"selection","icons":[],"height":1024,"metadata":{"name":"icomoon"},"preferences":{"showGlyphs":true,"showQuickUse":true,"showQuickUse2":true,"showSVGs":true,"fontPref":{"prefix":"icon-","metadata":{"fontFamily":"icomoon"},"metrics":{"emSize":1024,"baseline":6.25,"whitespace":50},"embed":false,"autoHost":true},"imagePref":{"prefix":"icon-","png":true,"useClassSelector":true,"color":0,"bgColor":16777215,"classSelector":".icon"},"historySize":50,"showCodes":true,"gridSize":16,"quickUsageToken":{"UntitledProject":"NGUxNWU3YTUzOTcwYzkwMGQ1YjhhNjBlMTMyYTA3MzkjMSMxNjIwNjE5NjEyIyMj"}}}